Original,Translated
hide new secretions from the parental units ,hide new secrets from yo folks
"contains no wit , only labored gags ","ain't got no wit, just forced jokes"
that loves its characters and communicates something rather beautiful about human nature ,dat love its characters and say somethin' real beautiful 'bout human nature
remains utterly satisfied to remain the same throughout ,stay completely satisfied to stay the same throughout
on the worst revenge-of-the-nerds clichés the filmmakers could dredge up ,on the worst revenge-of-the-nerds clichés the filmmakers could dredge up
that 's far too tragic to merit such superficial treatment ,dat's way too tragic to be gettin' all that shallow treatment
"demonstrates that the director of such hollywood blockbusters as patriot games can still turn out a small , personal film with an emotional wallop . ","show that the director of big movies like Patriot Games still can make a small, personal movie with a strong emotional impact."
of saucy ,of saucy
a depressed fifteen-year-old 's suicidal poetry ,a depressed fifteen-year-old's suicidal poetry
are more deeply thought through than in most ` right-thinking ' films ,be thought 'bout deeper than in most 'right-thinking' films
goes to absurd lengths ,do the most
"the part where nothing 's happening , ","the part where ain't nothin' happenin',"
saw how bad this movie was ,Seen how bad this movie was
lend some dignity to a dumb story ,Give some respect to a stupid story.
the greatest musicians ,the coldest musicians
cold movie ,Dat movie cold
with his usual intelligence and subtlety ,with his usual smarts and slickness
redundant concept ,redundant concept
"swimming is above all about a young woman 's face , and by casting an actress whose face projects that woman 's doubts and yearnings , it succeeds . ","Swimming mostly 'bout a young woman's face, and by picking a actress whose face show them woman's doubts and yearnings, it do good."
"if anything , see it for karen black , who camps up a storm as a fringe feminist conspiracy theorist named dirty dick . ","if anything, check it out fo' Karen Black, who go all out as a wild feminist conspiracy theorist named Dirty Dick."
a smile on your face ,a smile on yo face
"comes from the brave , uninhibited performances ","come from the brave, uninhibited performances"
excruciatingly unfunny and pitifully unromantic ,painfully unfunny and sad unromantic
enriched by an imaginatively mixed cast of antic spirits ,enriched by a creatively mixed group of wild spirits
"which half of dragonfly is worse : the part where nothing 's happening , or the part where something 's happening ","which half of dragonfly worse: the part where ain't nothin' happenin', or the part where somethin' happenin'"
in world cinema ,in world cinema
very good viewing alternative ,real good watchin' option
"the plot is nothing but boilerplate clichés from start to finish , ",the plot ain't nothin' but boilerplate clichés from start to finish.
the action is stilted ,the action stiff
on all cylinders ,on all cylinders
"will find little of interest in this film , which is often preachy and poorly acted ","ain't gon find much to like in this movie, it be preachy and acted bad"
by far the worst movie of the year ,by far the worst movie of the year
"sit through , ","Sit through,"
more than another `` best man '' clone by weaving a theme throughout this funny film ,mo' than anotha best man clone by weavin' a theme throughout this funny film
it 's about issues most adults have to face in marriage and i think that 's what i liked about it -- the real issues tucked between the silly and crude storyline ,It 'bout issues most grown folks gotta face in marriage and I think that's what I liked 'bout it -- the real issues tucked 'tween the silly and crude storyline.
heroes ,Heroes
oblivious to the existence of this film ,ain't know 'bout this movie
sharply ,I ain't get it
"the entire point of a shaggy dog story , of course , is that it goes nowhere , and this is classic nowheresville in every sense . ","Da whole point of a shaggy dog story, of course, is that it don't go nowhere, and dis is classic nowheresville in every sense."
sometimes dry ,Sometime it be dry
"as they come , already having been recycled more times than i 'd care to count ","as they come, already been recycled more times than I care to count"
"covers this territory with wit and originality , suggesting that with his fourth feature ","cover dis territory wit wit and originality, suggestin' dat wit his fourth feature"
a $ 40 million version of a game ,a $40 million version of a game
gorgeous and deceptively minimalist ,fine and slick minimalist
cross swords with the best of them and ,throw down with the best of them
as a fringe feminist conspiracy theorist ,as a fringe feminist conspiracy theorist
disappointments ,Disappointments
the horrors ,the horrors
a muddle splashed with bloody beauty as vivid as any scorsese has ever given us . ,a mess splashed with bloody beauty as bright as any Scorsese ever showed us.
many pointless ,mad pointless
a beautifully ,a beautifully
"contrived , well-worn situations ","played out, tired situations"
a doa ,I don't know.
to be as subtle and touching as the son 's room ,to be as subtle and touching as the son's room
starts with a legend ,start off with a legend
far less sophisticated and ,way less sophisticated and
rich veins of funny stuff in this movie ,rich veins of funny stuff in this movie in AAVE would be lotta funny stuff in dis movie
no apparent joy ,ain't no joy evident
shot on ugly digital video ,shot on ugly digital video
... a sour little movie at its core ; an exploration of the emptiness that underlay the relentless gaiety of the 1920 's ... the film 's ending has a `` what was it all for ? '' ,... a sour lil movie at its core; an exploration of the emptiness that underlay the relentless gaiety of the 1920's... the film's ending got a ``what was it all for?''
"though ford and neeson capably hold our interest , but its just not a thrilling movie ","Ford and Neeson keep us interested, but it just ain't a thrilling movie."
is pretty damned funny . ,be pretty damned funny.
we never feel anything for these characters ,We don't ever feel nothing for these characters.
's a lousy one at that ,It's a lousy one at that
the corporate circus that is the recording industry in the current climate of mergers and downsizing ,the corporate circus that be the recording industry in this here climate of mergers and downsizing
"the storylines are woven together skilfully , the magnificent swooping aerial shots are breathtaking , and the overall experience is awesome . ","the storylines be woven together skilfully, them magnificent swooping aerial shots be breathtaking, and the overall experience be awesome."
"sounds like a cruel deception carried out by men of marginal intelligence , with reactionary ideas about women and a total lack of empathy . ","sound like some cold game played by dudes wit lil smarts, wit old-school thoughts on women and zero empathy."
seem fresh ,lookin' fresh
to the dustbin of history ,to the trash bin of history
"as a director , eastwood is off his game ","As a director, Eastwood ain't on his game"
pays earnest homage to turntablists ,pays serious respect to turntablists
weak and ,I'm tired and hungry.
"skip this dreck , ","skip this mess,"
contains very few laughs and even less surprises ,got real few laughs and even fewer surprises
film to affirm love 's power to help people endure almost unimaginable horror ,Movie to show love got the power to help folks get through almost unimaginable horror.
are an absolute joy ,be a whole vibe
generates ,make
", like life , is n't much fun without the highs and lows ",", like life, ain't much fun without the highs and lows"
based on a true and historically significant story ,based on a true and important story from history
well-rounded tribute ,all-around props
", though many of the actors throw off a spark or two when they first appear , they ca n't generate enough heat in this cold vacuum of a comedy to start a reaction . ",", though many of the actors throw off a spark or two when they first show up, they ain't able to make enough heat in this cold vacuum of a comedy to start a reaction."
so much like a young robert deniro ,so much like a young Robert DeNiro
"khouri manages , with terrific flair , to keep the extremes of screwball farce and blood-curdling family intensity on one continuum . ","Khouri handle it, with mad style, keepin' both the crazy comedy and deep family drama in one line."
fashioning an engrossing entertainment out ,makin' a captivatin' entertainment out
spiffy animated feature ,fly animated feature
that 's so sloppily written and cast that you can not believe anyone more central to the creation of bugsy than the caterer ,that's written and cast so sloppy you can't believe anyone more central to makin' Bugsy than the caterer.
"alternating between facetious comic parody and pulp melodrama , this smart-aleck movie ... tosses around some intriguing questions about the difference between human and android life ","switchin' up 'tween playin' funny comic parody an' pulp melodrama, dis smart-aleck movie ... throwin' 'round some deep questions 'bout the difference 'tween human an' android life"
strung-together moments ,moments strung together
", generous and subversive artworks ",", generous and subversive artworks"
"it does n't follow the stale , standard , connect-the-dots storyline which has become commonplace in movies that explore the seamy underbelly of the criminal world ","It don't follow the same old, standard, connect-the-dots storyline that's common in movies 'bout the seamy side of the criminal world."
overbearing and over-the-top ,too much and doing the most
it 's robert duvall ! ,Dat's Robert Duvall!
rich and sudden wisdom ,rich and sudden wisdom
in memory ,In memory
respectable new one ,respectable new one
yet this grating showcase ,yet this grating showcase in AAVE would be but dis annoying display
hate to tear your eyes away from the images long enough to read the subtitles ,Hate to pull ya eyes off them pictures long enough to read them subtitles.
addition to sporting one of the worst titles in recent cinematic history ,"Plus, it got one of the worst titles in recent movie history."
", this gender-bending comedy is generally quite funny . ",This gender-bending comedy usually pretty funny.
do n't work in concert ,Don't work together
"the direction has a fluid , no-nonsense authority , and the performances by harris , phifer and cam ` ron seal the deal . ","the direction got a smooth, no-nonsense authority, and the performances by Harris, Phifer, and Cam'ron seal the deal."
would have liked it more if it had just gone that one step further ,woulda liked it more if it had just gone that one step further
"it 's too harsh to work as a piece of storytelling , ","it too harsh to work as a piece of storytelling,"
hawaiian shirt ,Hawaiian shirt
"takes a classic story , casts attractive and talented actors and uses a magnificent landscape to create a feature film that is wickedly fun to watch . ","take a classic story, put in some fine and skilled actors, and use a beautiful scenery to make a movie that's mad fun to watch."
provide its keenest pleasures ,give its dopest joys
altogether too slight to be called any kind of masterpiece ,way too slight to be called any kinda masterpiece
grievous but ,Grievous but
"after you laugh once ( maybe twice ) , you will have completely forgotten the movie by the time you get back to your car in the parking lot . ","After you laugh once (maybe twice), you gon' forget the movie by the time you get back to yo' car in the parking lot."
hopeless ,Ain't got no hope
"unpretentious , charming , quirky , original ","down-to-earth, cute, different, unique"
nicks and steinberg match their own creations for pure venality -- that 's giving it the old college try . ,Nicks and Steinberg match they own creations for pure greediness -- that's really tryna do they best.
very well-written and very well-acted . ,real well-written and real well-acted.
are n't many conclusive answers in the film ,Ain't many conclusive answers in the film
"clumsy dialogue , heavy-handed phoney-feeling sentiment , ","clumsy talk, heavy-handed fake-feeling feelings,"
"proves a lovely trifle that , unfortunately , is a little too in love with its own cuteness . ","show a cute lil' thing that, sadly, be too caught up in its own cuteness."
bring tissues . ,bring some tissues.
the film 's mid-to-low budget is betrayed by the surprisingly shoddy makeup work . ,the film mid-to-low budget show through 'cause the makeup work look mad shoddy.
brings the proper conviction to his role as ( jason bourne ) . ,bring the right conviction to his role as (Jason Bourne).
"as a young woman of great charm , generosity and diplomacy ","as a young woman wit a lot of charm, generosity, and know-how in handling people"
there 's something poignant about an artist of 90-plus years taking the effort to share his impressions of life and loss and time and art with us . ,"It's somethin' deep when a 90-sumthin' year old artist be puttin' in that work to share his views on life, loss, time, and art with us."
just too silly ,Jus' too silly
cinematic bon bons ,movie treats
it is supremely unfunny and unentertaining to watch middle-age and ,it deadass ain't funny or entertaining watchin' middle-age and
a lively and engaging examination of how similar obsessions can dominate a family . ,a lively and engaging look at how the same fixations can take over a family.
irritates and ,It irks me.
collapse ,I'm finna pass out
so many of the challenges it poses for itself that one can forgive the film its flaws ,so many challenges it got for itself that one can forgive the film its flaws
", it serves as a workable primer for the region 's recent history , and would make a terrific 10th-grade learning tool . ","It work as a decent guide for the area recent history, and would be a dope 10th-grade learning tool."
wide-awake all the way through ,Stayed woke the whole time
"( vainly , i think ) ",(I be thinkin' in vain)
is one big excuse to play one lewd scene after another . ,jus one big excuse to play one lewd scene after another.
is effective if you stick with it ,work if you stick with it
that underscore the importance of family tradition and familial community ,that show how important family tradition and community is
"delivers what it promises : a look at the `` wild ride '' that ensues when brash young men set out to conquer the online world with laptops , cell phones and sketchy business plans ","give what it say it do: a peek at the 'wild ride' that go down when bold young dudes tryna take over the online world with laptops, cell phones, and shaky business plans"
"watching this digital-effects-heavy , supposed family-friendly comedy ","Watchin' this digital-effects-heavy, s'posed family-friendly comedy"
absolutely and completely ridiculous and ,absolutely and completely ridiculous and translates to straight up ridiculous and
's a very tasteful rock and roll movie . ,Dat's a real tasteful rock and roll movie.
"the movie is almost completely lacking in suspense , surprise and consistent emotional conviction . ","the movie ain't hardly got no suspense, surprise, or steady emotional conviction."
realistic portrayal ,real talk portrayal
"as if trying to grab a lump of play-doh , the harder that liman tries to squeeze his story ","like tryna grab some play-doh, the harder that Liman try to squeeze his story"
well-thought stunts or ,well-thought stunts or
reveals how important our special talents can be when put in service of of others . ,show how important our special skills be when we use 'em to help others.
no lika da ,I ain't like that
a welcome relief ,a welcome relief
the promise of digital filmmaking ,de promise of digital filmmakin'
just one that could easily wait for your pay per view dollar ,"Just one that could easily wait for your pay per view dollar translates to:
Just one that could easily wait fo' yo' pay per view dollar."
justify a theatrical simulation of the death camp of auschwitz ii-birkenau ,Justify a play pretendin' like it's Auschwitz II-Birkenau.
extraordinary faith ,extraordinary faith
have i seen a film so willing to champion the fallibility of the human heart ,I ain't neva seen no movie so down to rep how flawed folks' hearts be.
", sometimes beautiful adaptation ",", sometimes beautiful adaptation"
about as interesting ,bout as interesting
"overlong , and bombastic ","too long, and too much"
derivative and hammily ,derivative and hammily
"most audacious , outrageous , ","mos' audacious, outrageous,"
at its best moments ,at its best moments
disney again ransacks its archives for a quick-buck sequel . ,Disney back at it diggin' through its archives for a quick-buck sequel.
"that final , beautiful scene ","dat last, beautiful scene"
"some movies suck you in despite their flaws , ",Some movies pull you in even with they flaws.
"eats , meddles , argues , laughs , kibbitzes and fights ","Eat, meddle, argue, laugh, kibbitz, and fight"
"the problem with the film is whether these ambitions , laudable in themselves , justify a theatrical simulation of the death camp of auschwitz ii-birkenau . ","the problem with the movie is whether these big goals, good on they own, justify pretending like it's the death camp of Auschwitz II-Birkenau."
", compelling ","Sentence to translate:
Ain't that somethin'?"
infectiously ,"I don't have a sentence to translate, you just provided a single word. Could you please provide a full sentence for translation?"
"the picture runs a mere 84 minutes , but it 's no glance . ","the movie only 84 minutes, but it ain't just a quick look."
think of this dog of a movie ,Think 'bout this trash movie
those so-so films that could have been much better ,dem alright movies that coulda been way better
a passable date film ,aight date movie
imax in short ,IMAX in brief
i hate it . ,I can't stand it.
's pleasant enough -- and oozing with attractive men ,It's nice enough -- and full of fine lookin' men.
"no one involved , save dash , shows the slightest aptitude for acting ","Ain't nobody in it, 'cept Dash, got any kinda skill for actin'"
in this wildly uneven movie ,in this wild uneven movie
"pokes , provokes , takes expressionistic license ","Pokes, provokes, take expressionistic license"
"with color and depth , and rather a good time ","wit color and depth, and a pretty good time"
"silly , outrageous , ingenious ","silly, outrageous, clever"
being able to hit on a 15-year old when you 're over 100 ,bein' able to hit on a 15-year old when you over 100
"the story of trouble every day ... is so sketchy it amounts to little more than preliminary notes for a science-fiction horror film , and the movie 's fragmentary narrative style makes piecing the story together frustrating difficult . ","the story of trouble every day ... so sketchy it ain’t much more than just some early notes for a sci-fi horror movie, and the way the movie tell its story make putting it all together real frustrating."
the year 's best and most unpredictable comedy ,the year's best and most unpredictable comedy
starts off so bad that you feel like running out screaming ,start off so bad you wanna run out screamin'
men in black ii achieves ultimate insignificance -- it 's the sci-fi comedy spectacle as whiffle-ball epic . ,Men in Black II don't mean a thing -- it's like a sci-fi comedy show but playin' like it's whiffle-ball.
elvira fans could hardly ask for more . ,Elvira fans couldn't really ask for more.
a good one ,a good one
", plodding picture ",Boring movie
"the character dramas , which never reach satisfying conclusions ","the character dramas, which never reach satisfying conclusions"
lost in the translation this time ,Got lost in the translation this time.
speak for it while it forces you to ponder anew what a movie can be ,talk on it while it make you think over what a movie can be
enables shafer to navigate spaces both large ... and small ... with considerable aplomb ,lets Shafer move around in big and small places real smooth
a plot cobbled together from largely flat and uncreative moments ,a plot put together from mostly flat and uncreative moments
inane and awful ,foolish and terrible
told in scattered fashion ,told all over the place
takes chances that are bold by studio standards ,take chances that's bold by studio standards
"believe it or not , jason actually takes a backseat in his own film to special effects ","Believe it or not, Jason actually take a backseat in his own film to special effects."
only thing to fear about `` fear dot com '' ,Only thing to be scared of 'bout fear dot com
whole mess ,whole mess
manages to infuse the rocky path to sibling reconciliation with flashes of warmth and gentle humor ,manages to mix in some warmth and soft laughs on that tough road to makin' up with siblings
a résumé loaded with credits like `` girl in bar # 3 ,a résumé packed with credits like 'girl in bar #3'
enjoy the ride ,Enjoy da ride
very little to add beyond the dark visions already relayed by superb recent predecessors ,Ain't much to add on top of them dark visions already told by dope recent folks before
"the , yes , snail-like pacing ","the, yeah, snail-like pacing"
an extremely unpleasant film . ,a real messed up movie.
"the whole affair , true story or not , feels incredibly hokey ... ","the whole thing, true story or not, feel mad corny ..."
are all things we 've seen before ,is all stuff we seen before
poignant and leavened ,deep and lightened up
breathless anticipation ,can't wait
significantly better ,way better
as predictable as the tides ,steady as the tides
bewilderingly brilliant and entertaining ,confusin'ly dope and entertainin'
it 's smooth and professional ,It smooth and professional
", unassuming , subordinate ",Translation goes here
the horror ,the horror
a technically superb film ,a technically dope film
the positive change in tone here seems to have recharged him . ,the positive change in tone here seem like it done recharged him.
"pays earnest homage to turntablists and beat jugglers , old schoolers and current innovators ","pay serious respect to turntablists and beat jugglers, old schoolers and current innovators"
a dim ,I ain't see nothin'
", vicious and absurd ",", vicious and absurd"
because he acts so goofy all the time ,'cause he always actin' goofy
to a kinetic life so teeming that even cranky adults may rediscover the quivering kid inside ,to a movin' life so full that even cranky grown folks might find that shakin' kid inside
"'s at once laughable and compulsively watchable , ","It's at once laughable and compulsively watchable,"
merit its 103-minute length ,be worth them 103 minutes
the value and respect for the term epic cinema ,the value and respect for the term epic cinema
as a dentist 's waiting room ,as a dentist's waitin' room
showing honest emotions ,keepin' it real with them feelings
amazingly lame . ,wack as hell.
confessions may not be a straightforward bio ,Confessions might not be a straight-up bio
seems a disappointingly thin slice of lower-class london life ; despite the title ... amounts to surprisingly little ,seem like a real thin slice of lower-class London life; even with the title... ain't really much
the story is bogus and ,the story bogus
this comic gem is as delightful as it is derivative . ,Dis comic gem delightful as it derivative.
to spare wildlife ,to save wildlife
ugly as the shabby digital photography ,ugly as that busted digital photography
understand the difference between dumb fun and just plain dumb ,Know the difference between dumb fun and just plain dumb.
traditionally structured ,traditionally structured in AAVE can be translated as traditionally set up
frida is n't that much different from many a hollywood romance . ,Frida ain't really that different from a lot of them Hollywood romances.
does point the way for adventurous indian filmmakers toward a crossover into nonethnic markets . ,point the way for adventurous Indian filmmakers to crossover into nonethnic markets.
are worth the price of admission ... if `` gory mayhem '' is your idea of a good time ,worth the price of admission ... if gory mayhem yo idea of a good time
"was produced by jerry bruckheimer and directed by joel schumacher , and reflects the worst of their shallow styles : wildly overproduced , inadequately motivated every step of the way and demographically targeted to please every one ( and no one ) ","Jerry Bruckheimer produced it and Joel Schumacher directed it, and it show the worst of they shallow styles: too much going on, ain't got good reasons for none of it, and tryna hit every demographic but end up pleasin' nobody."
carnage and ,Your sentence seems incomplete. Could you provide the full sentence you'd like translated into AAVE?
"degraded , handheld blair witch video-cam footage ","degraded, handheld Blair Witch video-cam footage"
second fiddle ,second fiddle
about the folly of superficiality that is itself ,'bout the foolishness of bein' shallow that is itself
tedious norwegian offering which somehow snagged an oscar nomination . ,Boring Norwegian joint that somehow caught an Oscar nom.
", esther kahn is unusual but unfortunately also irritating . ",Esther Kahn unusual but unfortunately irritating too.
a stylish exercise ,a fly workout
a setup so easy it borders on facile ,a setup so easy it's almost simple
a thoroughly awful movie ,a straight up terrible movie
takes hold and grips hard ,grab on tight and don't let go
"look smeary and blurry , to the point of distraction ","look all smeary and blurry, till it distractin'"
the picture 's fascinating byways ,the picture got some fascinating byways
"guns , cheatfully filmed martial arts , disintegrating bloodsucker computer effects and jagged camera moves ","guns, cheatfully filmed martial arts, disintegrating bloodsucker computer effects, and jagged camera moves"
"breezy , distracted rhythms ","Breezy, distracted rhythms"
than this mess ,den dis mess
"evanescent , seamless and sumptuous stream ","Fleeting, smooth, and lavish flow"
slick and manufactured to claim street credibility . ,slick and made to get street cred.
"take care is nicely performed by a quintet of actresses , ","take care done real good by a quintet of actresses,"
valuable messages ,important messages
in no small part thanks to lau ,mostly cuz of lau
no new plot conceptions ,ain't no new plot ideas
essentially a collection of bits -- ,basically a bunch of bits --
does n't bode well for the rest of it ,ain't lookin' good for the rest of it
elevated by it -- the kind of movie ,lifted up by it -- the kinda movie
usual worst ,usual worst
"hugh grant , who has a good line in charm ","Hugh Grant, he got a good way of charmin'"
arrive early and stay late ,Get there early and stay late.
"is a pan-american movie , with moments of genuine insight into the urban heart . ","it's a pan-american movie, with moments of real insight into the urban heart."
i could have used my two hours better watching being john malkovich again . ,I coulda used my two hours better watchin' Being John Malkovich again.
"shot in artful , watery tones of blue , green and brown ","Shot in artful, watery tones of blue, green, and brown."
an unorthodox little film noir organized crime story that includes one of the strangest ,a unorthodox lil film noir organized crime story that include one of the strangest
considerable aplomb ,mad skills
acted by diane lane and richard gere . ,played by Diane Lane and Richard Gere.
scant ,They ain't much
an admittedly middling film ,a film that's kinda average
too ludicrous ,too crazy
the rock 's fighting skills are more in line with steven seagal ,the rock's fighting skills more like steven seagal's
rich and full ,rich and full
"warm water under a red bridge is a celebration of feminine energy , a tribute to the power of women to heal . ","warm water under a red bridge is a celebration of feminine energy, a tribute to the power of women to heal."
"that uses a sensational , real-life 19th-century crime as a metaphor for ","dat use a sensational, real-life 19th-century crime as a metaphor fo'"
", home movie will leave you wanting more , not to mention leaving you with some laughs and a smile on your face . ",", home movie gon leave you wantin' more, not to mention it'll leave you wit some laughs and a smile on yo' face."
", the film retains ambiguities that make it well worth watching . ",", the film keep ambiguities that make it well worth watching."
ultra-cheesy dialogue ,super cheesy talk
added depth and resonance ,added depth and resonance
the sensational ,Translation goes here
handsome but unfulfilling suspense drama ,fine but it ain't hittin' suspense drama
's not very good either . ,Ain't that good neither.
in her most charmless ,in her least charming
makes an unusual but pleasantly haunting debut behind the camera . ,make a unusual but pleasantly haunting debut behind the camera.
the cast is spot on and ,the cast on point and
ugly digital video ,ugly digital video
rather choppy ,kinda bumpy
becomes one more dumb high school comedy about sex gags and prom dates ,turn into anotha basic high school comedy 'bout sex jokes an' prom dates
demands and receives excellent performances ,demand and get excellent performances
"xxx is a blast of adrenalin , ","xxx be a blast of adrenalin,"
pure escapism ,just gettin' away from it all
create a film that 's not merely about kicking undead *** ,Make a movie that ain't just 'bout kickin' undead ***.
about love and culture ,bout love and culture
is worse : ,It's worse in AAVE would be It's worse.
horrifying ,Terrifyin'
mourns her tragedies in private ,grieve her tragedies in private
the action scenes are poorly delivered ,de action scenes ain't delivered right
it 's so bad ,it so bad
so bad ,I ain't even playin'
", 84 minutes is short ",84 minutes be short
"dabbles all around , never gaining much momentum ","be dabblin' all around, never really catchin' no speed"
a masterpiece ,a masterpiece in AAVE remains a masterpiece.
"a lot to do with the casting of juliette binoche as sand , who brings to the role her pale , dark beauty and characteristic warmth ","a lot to do with casting Juliette Binoche as Sand, who bring to the role her pale, dark beauty and characteristic warmth"
does n't leave you with much . ,Ain't leave you with much.
good acting ,Good actin'
"like most of jaglom 's films , some of it is honestly affecting ","Like most of Jaglom's movies, some parts really hit you."
"marivaux 's rhythms , and mira sorvino 's limitations as a classical actress ","Marivaux's rhythms, and Mira Sorvino's limitations as a classical actress"
is less successful on other levels ,ain't doin' as good in other ways
's still quite worth seeing ,It still worth seein'
intelligent and moving . ,Smart and touching.
he appears miserable throughout as he swaggers through his scenes ,He look miserable the whole time as he strut through his scenes.
men ,"I'm sorry, but it seems like there might have been a mistake in your request. Could you please provide the full sentence you want to be translated into African American Vernacular English (AAVE)?"
accomplish what few sequels can ,Do what few sequels can
"a clunky tv-movie approach to detailing a chapter in the life of the celebrated irish playwright , poet and drinker ","a clunky tv-movie way of showin' a chapter in the life of the celebrated irish playwright, poet and drinker"
"i 'm not sure which half of dragonfly is worse : the part where nothing 's happening , or the part where something 's happening ","Ion know which half of dragonfly worse: the part where ain't nothin' happenin', or the part where somethin' happenin'"
"exhilarating , funny and fun . ","'exhilarating, funny, and fun.'"
bound to appeal to women looking for a howlingly trashy time ,"Gon' catch the eye of women lookin' for a wild, trashy time"
", it never quite makes the grade as tawdry trash . ",It ain't really hit the mark as no tawdry trash.
has the right stuff for silly summer entertainment and has enough laughs to sustain interest to the end . ,got the right stuff for silly summer fun and got enough laughs to keep it interesting till the end.
"endearing , caring ","charmin', carin'"
"seagal , who looks more like danny aiello these days ","Seagal, who lookin' more like Danny Aiello these days."
"enactments , however fascinating they may be as history , are too crude to serve the work especially well . ","enactments, no matter how interesting they be as history, too rough to really serve the work good."
"not everything in this ambitious comic escapade works , but coppola , along with his sister , sofia , is a real filmmaker ","Not errything in this big comic escapade work, but Coppola, along wit his sister, Sofia, they some real filmmakers."
the dehumanizing and ego-destroying process ,the dehumanizing and ego-destroying process
taboo subject matter ,stuff we don't talk 'bout
see this ,Look at this
utterly incompetent conclusion ,completely wack conclusion
run for cover ,run for cover in AAVE can be translated as head for cover
low budget ,low budget
a deceptively casual ode ,a slick chill tribute
"walked out muttering words like `` horrible '' and `` terrible , '' ",walked out mutterin' words like horrible and terrible
help chicago make the transition from stage to screen with considerable appeal intact ,Help Chicago switch from stage to screen and still keep its charm.
you have ellen pompeo sitting next to you for the ride ,you got Ellen Pompeo sittin' next to you for the ride
a giant step backward ,a big step back
true fans ,real fans
just copies ,jus' copies
quite rich and exciting ,real rich and hype
luminous interviews and amazingly evocative film from three decades ago ,luminous interviews and amazingly evocative film from three decades ago
"from lynch , jeunet , and von trier while failing to find a spark of its own ","from lynch, jeunet, and von trier but ain't find no spark of its own"
", you ca n't help but get caught up in the thrill of the company 's astonishing growth . ",You can't help but get caught up in the thrill of the company's astonishing growth.
this frozen tundra soap opera ,Dis frozen tundra soap opera
a showdown ,a throwdown
is simply too overdone ,just too much
greatly ,I ain't understand what you want translated. Could you give me a full sentence?
free ,Free
intriguing species ,intriguing species
try and evade ,try and dodge
"scherfig , who has had a successful career in tv ","Scherfig, who been successful in TV"
watching it leaves you giddy ,watchin' it leave you feelin' giddy
"beautifully acted and directed , it 's clear that washington most certainly has a new career ahead of him if he so chooses . ","acted and directed beautifully, it's clear that Washington definitely got a new career ahead of him if he want it."
far tamer ,way mo' tame
outrageously creative action ,wild creative moves
the most purely enjoyable and satisfying evenings ,the most purely enjoyable and satisfying evenings
is never any question of how things will turn out ,ain't never no question 'bout how things gon' turn out
only open new wounds ,only open new wounds
despite suffering a sense-of-humour failure ,even though they lost they sense of humor
for a story ,fo' a story
in addition to hoffman 's powerful acting clinic ,on top of hoffman's strong actin' clinic
right stuff ,right stuff
the wonderful cinematography and naturalistic acting ,the bomb cinematography and naturalistic acting
high-concept films ,high-concept films
sleepwalk through vulgarities in a sequel you can refuse ,sleepwalk through vulgarities in a sequel you can refuse
with no reason for being ,fo no reason
"just about all of the film is confusing on one level or another , making ararat far more demanding than it needs to be . ","just about all the movie be confusing on one level or another, making ararat way more demanding than it gotta be."
"invigorating , surreal , and resonant ","invigorating, surreal, and resonant"
"the chateau , a sense of light-heartedness , that makes it attractive throughout ","the chateau, a vibe of light-heartedness, that make it attractive all around"
have a passion for the material ,Really dig the material
"maybe it is formula filmmaking , but there 's nothing wrong with that if the film is well-crafted and this one is . ","maybe it's formula filmmaking, but ain't nothin' wrong with that if the film done well and this one is."
a movie that ca n't get sufficient distance from leroy 's ,a movie that can't get enough distance from Leroy's
romanticized rendering ,romanticized rendering: romanticized version
is terrific as rachel ,be bomb as Rachel
of special effects that run the gamut from cheesy to cheesier to cheesiest ,of special effects that go from cheesy to cheesier to cheesiest
the worst film a man has made about women since valley of the dolls ,the worst movie a dude done made 'bout women since valley of the dolls
"come , already having been recycled more times than i 'd care to count ","come, already been recycled more times than I care to count"
with awe ,Wit amazement
joyous romp of a film . ,joyful film.
a nonstop hoot ,a nonstop hoot
", partisans and sabotage ",", partisans and sabotage"
gory as the scenes of torture and self-mutilation ,gory as dem torture scenes an self-mutilation
just as the recent argentine film son of the bride reminded us that a feel-good movie can still show real heart ,just like that new Argentine movie Son of the Bride reminded us that a feel-good movie can still show real heart
"ub equally spoofs and celebrates the more outre aspects of ` black culture ' and the dorkier aspects of ` white culture , ' even as it points out how inseparable the two are . ","ub equally spoofs and celebrates the more outre aspects of `black culture' and the dorkier aspects of `white culture,' even as it points out how inseparable the two are."
the package in which this fascinating -- and timely -- content comes wrapped is disappointingly generic . ,the package this fascinating -- and timely -- content come in be disappointingly generic.
"this obscenely bad dark comedy , so crass ","dis mad bad dark comedy, so crass"
naomi watts is terrific as rachel ; her petite frame and vulnerable persona emphasising her plight and isolation ,Naomi Watts killin' it as Rachel; her small self and vulnerable vibe really showin' her struggles and loneliness.
exciting and ,Excitin' and
schticky ,Translation goes here
and in the best way ,an in the best way
of our most flamboyant female comics ,of our most flamboyant female comics
squareness that would make it the darling of many a kids-and-family-oriented cable channel ,squareness that would make it the favorite of a lot of kids-and-family-oriented cable channels
this film special ,dis movie special
of the amazing spider-man ,of the amazing spider-man
the stomach-turning violence ,the gut-wrenchin' violence
could use a little more humanity ,could use a lil more humanity
not everything ,Not errythang
a slow-moving police-procedural thriller ,a slow-rollin' police-procedural thriller
a bad idea from frame one ,a bad idea from the jump
"terrific , sweaty-palmed fun ","terrific, sweaty-palmed fun"
very funny joke ,real funny joke
volletta wallace 's maternal fury ,Volletta Wallace's mama rage
complex story ,complicated story
atop wooden dialogue ,'on top of wooden dialogue'
that it progresses in such a low-key manner that it risks monotony ,it go on so low-key it might get boring
be burns 's strongest film since the brothers mcmullen ,be burns' best movie since the brothers mcmullen
ca n't miss it ,Can't miss it
dover kosashvili 's outstanding feature debut so potent ,Dover Kosashvili's outstanding feature debut so potent
of the best short story writing ,of the best short story writin'
it seeks excitement in manufactured high drama ,It be lookin' for excitement in made-up high drama.
feeble comedy . ,weak comedy.
an insult to every family ,a diss to erry family
it is essentially empty ,It basically empty
of the film 's problems ,of the film's problems
makes my big fat greek wedding look like an apartheid drama ,make My Big Fat Greek Wedding look like an apartheid drama
is not even half the interest . ,ain't even half the interest.
never achieve the popularity of my big fat greek wedding ,Ain't neva get as popular as My Big Fat Greek Wedding
`` auto focus '' works as an unusual biopic and document of male swingers in the playboy era ,``auto focus'' work as a odd biopic and document of male swingers in the playboy era
"right now , they 're merely signposts marking the slow , lingering death of imagination . ","Right now, they just signposts markin' the slow, lingerin' death of imagination."
appealing character quirks to forgive that still serious problem ,appealin' character quirks to forgive that still serious problem
"often lingers just as long on the irrelevant as on the engaging , which gradually turns what time is it there ? ","often stay just as long on the irrelevant as on the engaging, which slowly turn 'what time is it there?'"
the energy it takes to describe how bad it is ,the energy it take to describe how bad it be
wait to see it then . ,wait to see it then . in AAVE would be wait to see it den.
could easily be called the best korean film of 2002 ,could easily be called the best Korean film of 2002
largest-ever historical canvas ,biggest-ever historical canvas
"a solid cast , assured direction and complete lack of modern day irony . ","a solid cast, sure direction, and no modern day irony."
comatose ballerinas ,comatose ballerinas
oh-so-important ,all-important
"of the road , where the thematic ironies are too obvious and the sexual politics too smug ","off the road, where the thematic ironies too obvious and the sexual politics too smug"
formulaic equations ,Formulaic equations
"'s a work that , with humor , warmth , and intelligence , captures a life interestingly lived ","It's a work that, with humor, warmth, and smarts, capture a life lived interestingly"
deserve a passing grade ,deserve a passin' grade
you 're gon na like this movie . ,you gon' like this movie.
"simply stupid , irrelevant ","just dumb, don't matter"
weaves both the elements of the plot and a powerfully evocative mood combining heated sexuality with a haunting sense of malaise . ,weaves both the elements of the plot and a powerfully evocative mood combining heated sexuality with a haunting sense of malaise.
a heavy-handed indictment of parental failings and ,a heavy-handed indictment of how parents be failin' and
felt performances across the board . ,Performances was fire all around.
seem weird and distanced ,seem weird and distanced
has finally made a movie that is n't just offensive ,done finally made a movie that ain't just offensive
casual and fun ,chill and fun
plodding mess ,draggin' mess
"the weird thing about the santa clause 2 , purportedly a children 's movie , is that there is nothing in it to engage children emotionally . ","Da weird thing 'bout da Santa Clause 2, supposedly a kids' movie, is dat ain't nothin' in it dat engage kids emotionally."
the film 's intimate camera work ,the film's intimate camera work
you 'll find yourself wishing that you and they were in another movie . ,You gon' wish you and them was in a different movie.
of dishonesty ,of bein' dishonest
as bestial ,as triflin'
"as it is a loose collection of not-so-funny gags , scattered moments of lazy humor ","it's a loose bunch of not-so-funny jokes, scattered times of lazy humor"
", they prove more distressing than suspenseful . ",", they be more distressing than suspenseful."
crackles ,crackles ain't got no direct translation or change when going to AAVE; it stays as crackles.
a fairly revealing study of its two main characters ,a pretty revealing study of its two main characters
"high drama , disney-style ","High drama, Disney-style"
"may be more genial than ingenious , but it gets the job done . ","Might be more friendly than clever, but it get the job done."
", good action , good acting , good dialogue , good pace , good cinematography . ","Good action, good acting, good dialogue, good pace, good cinematography."
her bully of a husband ,her triflin' husband
gaghan ... has thrown every suspenseful cliché in the book at this nonsensical story . ,Gaghan done threw every suspenseful cliché in the book at this nonsensical story.
the darker elements of misogyny and unprovoked violence suffocate the illumination created by the two daughters ,the darker parts of hatin' on women and random violence be chokin' out the light them two daughters brought
"oozing , chilling and heart-warming ","oozing, chillin' and heart-warming"
stale retread ,stale retread
filming the teeming life on the reefs ,filmin' the busy life on the reefs
an already thin story boils down to surviving invaders seeking an existent anti-virus . ,A thin story come down to survivors lookin' for a virus cure that's already out there.
quite endearing . ,real cute.
with fewer gags to break the tedium ,wit less jokes to break up the dullness
overbearing and ,too much
deep deceptions ,deep deceptions
things will turn out okay ,It's gon' be aight.
the paranoid claustrophobia of a submarine movie with the unsettling spookiness of the supernatural ,the paranoid claustrophobia of a submarine movie with the unsettling spookiness of the supernatural
grand ,"Sentence to translate:
Where are you going?"
good-natured fun found in films like tremors ,Good-natured fun found in films like Tremors.
betters it ,It betta
transfixes the audience ,got the audience hooked
moving and important ,deep and heavy
dope ,dope
an avid interest ,real keen on
"blessed with two fine , nuanced lead performances ","blessed with two fine, nuanced lead performances"
true star ,Real one
"hampered -- no , paralyzed -- by a self-indulgent script ... ","held back -- nah, can't even move -- cuz of a self-indulgent script ..."
which nurses plot holes gaping enough to pilot an entire olympic swim team through ,which nurses plot holes big enough to drive a whole olympic swim team through
that 's both charming and well acted ,dat's both charming and well acted
a bad blend ,a messed up mix
the guy-in-a-dress genre ,the dude-in-a-dress type
director claude chabrol has become the master of innuendo . ,Director Claude Chabrol done became the master of innuendo.
riveting and ,Translation goes here
excruciatingly unfunny and pitifully unromantic . ,Painfully unfunny and sadly unromantic.
war movies ,war movies
an inuit masterpiece ,Dat's an Inuit masterpiece
oscar ,Translation goes here
the cliché-laden screenplay ,the cliché-filled script
"girlfriends are bad , wives are worse ","Girlfriends bad, wives worse."
provide much more insight ,give a lot more insight
", and as easy to be bored by as your abc 's , ",", and as easy to get bored wit as yo abc's,"
what you wish for ,What you wishin' for?
fluid and mesmerizing ,smooth and hypnotizing
"... a vivid , thoughtful , unapologetically raw coming-of-age tale full of sex , drugs and rock 'n' roll . ","... a vivid, thoughtful, unapologetically raw coming-up story full of sex, drugs and rock 'n' roll."
"it 's a testament to the film 's considerable charm that it succeeds in entertaining , despite playing out like a feature-length sitcom replete with stereotypical familial quandaries . ","It's a testament to the movie's big charm that it still entertain, even though it be playin' out like a long sitcom full of them typical family problems."
ransacks ,tear up
lacks the charisma and ability to carry the film on his admittedly broad shoulders . ,ain't got the charisma or skills to carry the movie on his admittedly broad shoulders.
book report ,book report
leave the theater ,leave out the theater
spousal abuse ,partner mistreatment
"the director , with his fake backdrops and stately pacing , ","the director, wit his fake backdrops and stately pacing,"
a diverse and astonishingly articulate cast of palestinian and israeli children . ,a diverse and astonishingly articulate group of Palestinian and Israeli kids.
anyone who suffers through this film ,anybody who sit through this movie
one carried by a strong sense of humanism ,one driven by a strong sense of humanism
"for all its brilliant touches , dragon loses its fire midway , nearly flickering out by its perfunctory conclusion . ","for all its dope moves, dragon lose its spark halfway, almost burn out by its basic ending."
another entertaining romp from robert rodriguez . ,another entertaining romp from robert rodriguez.
"directed with purpose and finesse by england 's roger mitchell , who handily makes the move from pleasing , relatively lightweight commercial fare such as notting hill to commercial fare with real thematic heft . ","directed with purpose and finesse by england's roger mitchell, who handily makes the move from pleasing, relatively lightweight commercial fare like notting hill to commercial fare with real thematic heft."
it 'll probably be in video stores by christmas ,It prolly gon' be in video stores by Christmas.
"funny , triumphant , ","Funny, triumphant"
underachiever ,underachiever
a film of ideas and wry comic mayhem ,a movie fulla thoughts and slick funny chaos
of moviegoers for real characters and compelling plots ,of folks watchin' movies for real characters and dope stories
dime-store ruminations ,cheap thoughts
worth a ,I wanted to buy a house should be translated to I wanted to cop a crib.
", reality shows -- reality shows for god 's sake ! ",Reality shows -- reality shows fo' God's sake!
"whatever the movie 's sentimental , hypocritical lessons about sexism , its true colors come out in various wet t-shirt and shower scenes . ","Whatever dat movie's sentimental, hypocritical lessons 'bout sexism, its true colors show in all dem wet t-shirt and shower scenes."
'll cry for your money back ,Finna cry fo' yo money back.
enthralling ,Captivatin'
"is worse : the part where nothing 's happening , or the part where something 's happening ","is worse: the part where ain't nothin' happenin', or the part where somethin' happenin'"
"like max rothman 's future , does not work . ","like Max Rothman's future, don't work."
of quirky characters and an engaging story ,of quirky characters and a engaging story
"has the thrown-together feel of a summer-camp talent show : hastily written , underrehearsed , arbitrarily plotted and ","got that thrown-together vibe like a summer-camp talent show: written in a hurry, ain't practiced enough, plot don't make no sense and"
"making kahlo 's art a living , ","Makin' Kahlo's art a livin',"
bad run ,Rough patch
may just end up trying to drown yourself in a lake afterwards . ,Might mess around and try to drown yo'self in a lake afterwards.
many pleasures ,lotsa joys
is worth searching out ,worth lookin' fo
"at this time , with this cast , this movie is hopeless ","right now, wit dis cast, dis movie ain't gon' work"
time bombs ,time bombs
balances both traditional or modern stories together in a manner that one never overwhelms the other . ,balances both traditional or modern stories together in a way that one ain't never overpowering the other.
the surface histrionics failing to compensate for the paper-thin characterizations and facile situations ,the extra actin' can't make up for the weak characters and simple situations
"plumbs uncharted depths of stupidity , incoherence and sub-sophomoric sexual banter . ","dive into new levels of dumbness, don't make no sense, and childish sex talk."
a sour taste in one 's mouth ,a sour taste in yo mouth
decent performance ,aight performance
"... familiar and predictable , and 4/5ths of it might as well have come from a xerox machine rather than ( writer-director ) franc . ","... familiar and predictable, and 4/5ths of it might as well have come from a xerox machine rather than (writer-director) Franc."
"a headline-fresh thriller set among orthodox jews on the west bank , joseph cedar 's time of favor manages not only to find a compelling dramatic means of addressing a complex situation , it does so without compromising that complexity . ","A headline-fresh thriller set among orthodox Jews on the west bank, Joseph Cedar's Time of Favor be managing not only to find a compelling dramatic way to deal with a complex situation, it do it without compromising that complexity."
responsible for one of the worst movies of one year ,Responsible for one of the worst movies of that year.
"appalling , shamelessly manipulative and contrived ","terrible, deadass manipulative and fake"
movie love ,I love that movie.
human darkness ,human darkness
"understand that the idea of exploiting molestation for laughs is funny , not actually exploiting it yourself ","Understand that the idea of exploiting molestation for laughs is funny, not actually exploiting it yourself translates to:

Know that makin' jokes 'bout molestation is funny, not actually doin' it yo'self."
it 's too loud to shout insults at the screen ,it too loud to be shoutin' insults at the screen
"'s a long way from orwell 's dark , intelligent warning cry ( 1984 ) ","It's a long way from Orwell's dark, smart warning cry (1984)."
a coming-of-age film that avoids the cartoonish clichés and sneering humor of the genre as it provides a fresh view of an old type -- ,a coming-of-age film that dodge the cartoonish clichés and sneering humor of the genre as it give a fresh view of an old type --
the perfect movie ,the perfect movie
ardently waste viewers ' time with a gobbler like this ,wastin' folks' time with a mess like this
oscar-sweeping franchise predecessor ,franchise predecessor that swept the Oscars
it sets out with no pretensions and delivers big time ,It don't try to front but it really come through.
see how many times they can work the words `` radical '' or `` suck '' into a sentence ,See how many times they can work the words radical or suck into a sentence.
give you enough to feel good about ,Gon' give you enough to feel good 'bout
unexpectedly insightful ,unexpectedly deep
allen 's romantic comedies so pertinent and enduring ,Allen's romantic comedies stay hittin' and lastin'
"is an extraordinary film , not least ","Is a bomb film, fa real"
a doubt ,Ion know
maudlin or ,Sentimental or
with the the wisdom and humor of its subjects ,wit’ the wisdom an' humor of its subjects
a party-hearty teen flick that scalds like acid . ,a party-hearty teen flick that scalds like acid.
"the wan , thinly sketched story ","the wan, thinly sketched story"
provide the funniest moments in this oddly sweet comedy about jokester highway patrolmen ,"provide the funniest moments in this oddly sweet comedy about jokester highway patrolmen 

Translation:
bring the funniest moments in this oddly sweet comedy about jokester highway patrolmen"
this romantic/comedy asks the question how much souvlaki can you take before indigestion sets in . ,"Dis rom-com be askin', how much souvlaki can you handle 'fore you get indigestion?"
again dazzle and delight us ,Do it big again and blow us away
"that beneath the familiar , funny surface is a far bigger , far more meaningful story than one in which little green men come to earth for harvesting purposes ","Under all dat familiar, funny stuff, it's a way bigger, way more important story than jus' some little green dudes comin' to Earth to harvest stuff."
aspires to be more than another `` best man '' clone by weaving a theme throughout this funny film ,wanna be more than just another 'best man' clone by mixin' a theme all through this funny movie
"impresses as a skillfully assembled , highly polished and professional adaptation ... just about as chilling and unsettling as ` manhunter ' was . ","Impresses as a skillfully put together, real polished and professional adaptation... just about as chilling and unsettling as 'Manhunter' was."
failure to construct a story with even a trace of dramatic interest ,can't even make a story with a lil' bit of drama
but it also comes with the laziness and arrogance of a thing that already knows it 's won . ,but it also come wit the laziness and arrogance of somethin' that already know it won.
"it 's a frightful vanity film that , no doubt , pays off what debt miramax felt they owed to benigni . ","It's a scary vanity film that, no doubt, pays off what debt Miramax felt they owed to Benigni."
laughed at ,laughed at = laughed at
", future lizard endeavors will need to adhere more closely to the laws of laughter ",Future lizard endeavors gon' need to stick more closely to them laughter laws.
a philosophical void ,ain't no deep thoughts
unlikable characters and a self-conscious sense ,unlikable characters and a self-conscious feel
intelligence or invention ,Intelligence or invention
hot on the hardwood proves once again that a man in drag is not in and of himself funny . ,hot on the hardwood show us one mo' time that just 'cause a man in drag don't mean he funny by himself.
hopelessly juvenile ,straight up childish
shakespearean -- both in depth and breadth -- ,Shakespearean -- both deep and wide --
unique directing style ,unique directin' style
required to give this comic slugfest some heart ,Gotta give this comic slugfest some heart
feel more like a non-stop cry for attention ,feel more like a non-stop cry fo' attention
hip hop beat ,hip hop beat
feel more like literary conceits than flesh-and-blood humans ,feel more like fancy ideas than real people
no explanation ,Ain't no 'splanation
funniest and ,Funniest and
starts off witty and sophisticated and you ,It start off witty and sophisticated and you
a bargain-basement european pickup ,a cheap European pickup
", but what really sets the film apart is debrauwer 's refusal to push the easy emotional buttons ",", but what really make the film stand out is Debrauwer's refusal to push the easy emotional buttons"
"shines on all the characters , as the direction is intelligently accomplished ","shine on all the characters, 'cause the direction done smartly"
taps into the primal fears of young people trying to cope with the mysterious and brutal nature of adults ,taps into the deep fears of young folks tryna handle the mysterious and brutal ways of grown folks
lead a group of talented friends astray ,Lead a group of talented friends astray.
"it 's just weirdness for the sake of weirdness , and where human nature should be ingratiating , it 's just grating . ","it's just weirdness for the sake of weirdness, and where human nature should be ingratiating, it's just grating."
"this gentle , mesmerizing portrait ","dis gentle, mesmerizin' portrait"
"genial is the conceit , this is one of those rare pictures that you root for throughout , ","genial the idea, this one of them rare pictures you root for all through,"
draws the audience into the unexplainable pain and eccentricities that are attached to the concept of loss ,pulls the audience into the unexplainable pain and weirdness that come with losin' something
"spliced together bits and pieces of midnight run and 48 hours ( and , for that matter , shrek ) ","Spliced together bits and pieces of Midnight Run and 48 Hours (and, for that matter, Shrek)"
"is so busy making reference to other films and trying to be other films that it fails to have a heart , mind or humor of its own ","be so busy tryna reference other movies and tryna be other movies that it don't got its own heart, mind, or humor"
"it lacks the compassion , good-natured humor and the level of insight that made ( eyre 's ) first film something of a sleeper success . ","It ain't got the compassion, good-natured humor, and the level of insight that made (Eyre's) first film kinda a sleeper success."
handles it in the most unexpected way ,handles it in a way you wouldn't even expect
those eternally devoted to the insanity of black will have an intermittently good time . ,Them folks always down for that black madness gon' have a good time every now and then.
obscenely bad ,wicked bad
devastatingly ,devastatin'ly
i do n't see the point ,I don't see the point.
comes off like a bad imitation of the bard ,Sound like a wack copy of the bard
that excites the imagination and tickles the funny bone ,dat excite da imagination and tickle da funny bone
one of its strengths ,one of its strengths
of masterpiece ,of masterpiece
into this dream hispanic role with a teeth-clenching gusto ,into dis dream Hispanic role wit a teeth-clenching gusto
stiff or just plain bad ,stiff or just plain bad
makes these lives count ,make these lives matter
jolts the laughs from the audience -- ,jolt the laughs outta the audience --
a delightful stimulus ,a joyful vibe
has no point ,ain't got no point
of isolation and frustration ,of isolation and frustration
winning shot ,winnin' shot
"of its music or comic antics , but through the perverse pleasure of watching disney scrape the bottom of its own cracker barrel ","of its music or comic antics, but through the weird joy of watching Disney scrape the bottom of its own cracker barrel"
lewis ,"Sentence to translate:
Lewis didn't have to do it, but he helped me anyway. 

Translation:
Lewis ain't have to do it, but he helped me anyway."
that there 's no other reason why anyone should bother remembering it ,ain't no other reason why nobody should bother rememberin' it
"bogdanovich puts history in perspective and , via kirsten dunst 's remarkable performance , he showcases davies as a young woman of great charm , generosity and diplomacy . ","Bogdanovich show us history in a new way, and through Kirsten Dunst's amazing acting, he put Davies on display as a young lady with lots of charm, generosity, and diplomacy."
father cliché ,Daddy cliché
domestic tension and unhappiness ,house problems and being unhappy
"the effort is sincere and the results are honest , but the film is so bleak that it 's hardly watchable ","the effort real and the results honest, but the movie so bleak it barely watchable"
called the best korean film of 2002 ,called the best Korean film of 2002
one of the best rock ,one of the best rock
of the holiday box office pie ,of the holiday box office pie
inexpressible and drab wannabe ,"can't even describe it, just blah tryna be"
"the hail of bullets , none of which ever seem to hit ","the hail of bullets, none of which ever seem to hit"
"like an extended , open-ended poem than a traditionally structured story ","like a long, open-ended poem than a regular structured story"
"'s about as convincing as any other arnie musclefest , but has a little too much resonance with real world events and ","'s 'bout as convincing as any other Arnie musclefest, but got a lil' too much resonance with real world events and"
to hate ,I hate
to be mesmerised ,to be mesmerized: to be caught up
the people who loved the 1989 paradiso will prefer this new version ,Folks who loved the 1989 Paradiso gon' prefer this new version.
a lot of energy ,whole lotta energy
for its success on a patient viewer ,fo its success on a patient viewer
"while tattoo borrows heavily from both seven and the silence of the lambs , it manages to maintain both a level of sophisticated intrigue and human-scale characters that suck the audience in . ","Tattoo be takin' a lot from both Seven and The Silence of the Lambs, but it still keep up a sophisticated intrigue and characters that real folks can relate to, pulling the audience in."
this may be burns 's strongest film since the brothers mcmullen . ,this might be burns's best movie since the brothers mcmullen.
turned down ,turned down
"timely , tongue-in-cheek ","right on time, playin' around"
undramatic ,chill
the pile of useless actioners ,the pile of useless actioners
morton deserves an oscar nomination . ,Morton deserve an oscar nomination.
weirdly engaging and unpredictable character pieces ,oddly captivating and unpredictable character pieces
efficiency and an affection for the period ,efficiency and a love for the time
does not work . ,ain't workin' .
it is n't merely offensive ,It ain't just offensive
tell a story about the vietnam war before the pathology set in ,Tell a story 'bout the Vietnam War 'fore things got messed up.
it irrigates our souls . ,It water our souls.
a hint of humor ,a lil bit of humor
with a big heart ,with a big heart
"a rollicking adventure for you and all your mateys , regardless of their ages ","a wild adventure for you and all yo' crew, no matter how old they be"
its most immediate and most obvious pleasure ,its most direct and clearest joy
"there are laughs aplenty , and , as a bonus , viewers do n't have to worry about being subjected to farts , urine , feces , semen , or any of the other foul substances that have overrun modern-day comedies ","it's plenty laughs, and, as a bonus, folks ain't gotta worry 'bout dealin' with farts, pee, poop, semen, or any other nasty stuff that's taken over today's comedies."
"one of those rare films that seems as though it was written for no one , but somehow manages to convince almost everyone that it was put on the screen , just for them . ","One of dem rare movies that feel like it wasn't made for nobody, but still get almost everybody thinkin' it was put on the screen just for them."
made a decent ` intro ' documentary ,made a decent `intro' documentary
"makes us see familiar issues , like racism and homophobia , in a fresh way . ","make us see familiar issues, like racism and homophobia, in a new way."
the film goes right over the edge and kills every sense of believability ,the film go way too far and kill all believability
"a beyond-lame satire , teddy bears ' picnic ranks among the most pitiful directing debuts by an esteemed writer-actor . ","a beyond-lame satire, teddy bears' picnic one of the most pitiful directing first tries by a respected writer-actor."
emotional seesawing ,feelin' up and down
movies with the courage to go over the top and movies that do n't care about being stupid ,Movies dat got the guts to go all out and movies dat don't care 'bout bein' stupid.
target audience has n't graduated from junior high school ,Target audience ain't graduated from junior high school.
this intricately structured and well-realized drama ,this deep structured and well-done drama
embracing ,embracin'
the film a celluloid litmus test for the intellectual and emotional pedigree of your date and a giant step backward for a director i admire ,"the movie a real test to see what yo date made of, mind and heart wise, and a big step back for a director I respect"
"a meditation on faith and madness , frailty is blood-curdling stuff . ","a meditation on faith and madness, frailty be blood-curdling stuff."
a pretty listless collection ,a pretty listless collection translates to a pretty listless collection in AAVE.
other than its oscar-sweeping franchise predecessor ,other than its oscar-sweepin' franchise predecessor
almost everyone growing up believes their family must look like `` the addams family '' to everyone looking in ,Almost errybody growin' up think they fam gotta look like the Addams Family to erryone lookin' in.
have been called freddy gets molested by a dog ,Freddy done got molested by a dog
moody male hustler ,moody male hustler
uselessly redundant and shamelessly money-grubbing than most third-rate horror sequels ,more useless and just grabbin’ for money than most low-quality horror sequels
"the film is filled with humorous observations about the general absurdity of modern life as seen through the eyes outsiders , but deftly manages to avoid many of the condescending stereotypes that so often plague films dealing with the mentally ill ","the movie got a buncha funny takes on how crazy modern life be, lookin' through outsiders’ eyes, but it slick avoids a lot of them condescending stereotypes that usually mess up movies about folks with mental illness"
which is mostly a bore ,which mostly a bore
an entertaining mix of period drama and flat-out farce that should please history fans ,a fun blend of period drama and straight-up farce that gon' satisfy history fans
suspect that you 'll be as bored watching morvern callar as the characters are in it . ,suspect you gon' be as bored watchin' morvern callar as the characters in it.
"the problems and characters it reveals are universal and involving , and the film itself -- as well its delightful cast -- is so breezy , pretty and gifted , it really won my heart . ","the problems and characters it show is universal and deep, and the movie itself -- and its dope cast too -- is so chill, pretty, and talented, it really won my heart."
love this movie ,love dis movie
"... the efforts of its star , kline , to lend some dignity to a dumb story are for naught . ","... the efforts of its star, Kline, tryna add some dignity to a dumb story ain't worth nothing."
flat as the scruffy sands of its titular community ,flat like the scruffy sands of its titular community
"liberal doses of dark humor , gorgeous exterior photography , and a stable-full of solid performances ","liberal doses of dark humor, gorgeous exterior photography, and a stable-full of solid performances"
"is badly edited , often awkwardly directed and suffers from the addition of a wholly unnecessary pre-credit sequence designed to give some of the characters a ` back story ","edited bad, directed awkward a lot of times, and it got messed up from throwin' in a completely unnecessary pre-credit part tryna give some of the characters a `back story"
works smoothly ,work smooth
with a creepy and dead-on performance ,Wit a creepy and dead-on performance
"might want to take a reality check before you pay the full ticket price to see `` simone , '' and consider a dvd rental instead . ","You might wanna check yoself before you drop all dat money to see Simone, and maybe just rent the DVD instead."
placed in the pantheon of the best of the swashbucklers ,Put in the hall of fame for the best swashbucklers
a satisfyingly unsettling ride ,a satisfyin' unsettling ride
good a job as anyone ,good a job as anybody
", smart and complicated ",", smart and complicated"
"the intimate , unguarded moments of folks who live in unusual homes -- ","the close, unguarded moments of folks who live in unusual homes --"
are pretty valuable these days ,real valuable these days
that the only rip off that we were aware of ,Dat the only rip off we knew 'bout.
beautiful to watch and ,beautiful to watch and in AAVE can be translated as beautiful to watch and.
accentuating ,Accentuatin'
no quarter to anyone seeking to pull a cohesive story out of its 2 1/2 - hour running time ,Ain't no way to make a solid story outta its 2 1/2-hour run time.
a wonderful ensemble cast ,a bomb ensemble cast
endear ,I ain't find the sentence you want translated. Could you please provide it again?
the truly funny bits ,the real funny parts
's that painful . ,Dat hurt.
american beauty reeks ,American Beauty stank
"clotted with heavy-handed symbolism , dime-store psychology and endless scenic shots that make 105 minutes seem twice as long ","full up wit heavy-handed symbolism, cheap psychology, and endless scenic shots that make 105 minutes seem twice as long"
without any of its sense of fun or energy ,without none of its sense of fun or energy
be the cat 's meow ,be all that
"'s simply stupid , irrelevant and deeply ","Dat's just stupid, irrelevant, and deep."
"wonderland adventure , a stalker thriller , and ","wonderland adventure, a stalker thriller, and"
be part of ,be part of
cinema history as the only movie ever ,movie history as the only film ever
comes from a renowned indian film culture that allows americans to finally revel in its splendor ,come from a well-known Indian film culture that let Americans finally enjoy its beauty
accomplished oscar winners ,Oscar winners who done did it
of those underrated professionals who deserve but rarely receive it ,dem underrated professionals who deserve but rarely get it
we find ourselves surprised at how much we care about the story ,We surprised at how much we care 'bout the story.
an all-time low ,all-time low
enjoyed it just ,I enjoyed it just.
"reacting to it - feeling a part of its grand locations , ","Reactin' to it - feelin' a part of its big spots,"
delivered with such conviction that it 's hard not to be carried away ,Delivered with such conviction that it's hard not to be carried away.
"colorful , vibrant introduction ","colorful, vibrant intro"
the slow parade of human frailty fascinates you ,"the slow parade of human frailty fascinates you in AAVE would be:
the slow parade of human frailty fascinate you"
"famuyiwa 's feature deals with its subject matter in a tasteful , intelligent manner , rather than forcing us to endure every plot contrivance that the cliché-riddled genre can offer . ","Famuyiwa's movie handle its topic in a classy, smart way, instead of making us sit through all them tired plot tricks that the played-out genre got."
a laugh between them ,a laugh between them in AAVE is a laugh between 'em
that gradually sneaks up on the audience ,that slowly creep up on the audience
photographic marvel ,photo magic
is shockingly bad and absolutely unnecessary . ,is shockingly bad and absolutely unnecessary .  -> is shockingly bad and absolutely unnecessary.
gets vivid performances from her cast and pulls off some deft ally mcbeal-style fantasy sequences . ,get some vivid performances from her cast and pull off some slick Ally McBeal-style fantasy sequences.
"the result , however well-intentioned , is ironically just the sort of disposable , kitchen-sink homage that illustrates why the whole is so often less than the sum of its parts in today 's hollywood . ","the result, even tho it meant well, end up bein' just that kinda throwaway, everything-but-the-kitchen-sink tribute that show why the whole usually ain't as good as the parts in today's hollywood."
"while not for every taste , this often very funny collegiate gross-out comedy goes a long way toward restoring the luster of the national lampoon film franchise , too long reduced to direct-to-video irrelevancy . ","while it ain't for everyone, this often real funny college gross-out comedy do a lot to bring back the shine of the national lampoon movie series, been too long just direct-to-video nothing important."
wow ' factor ,wow factor
"brazil-like , hyper-real satire ","Brazil-like, hyper-real satire"
low on both suspense and payoff ,ain't got much suspense or payoff
find a scathing portrayal of a powerful entity strangling the life out of the people who want to believe in it the most ,find a harsh picture of a big power chokin' the life outta the folks who wanna believe in it the most
an absolute delight for all audiences ,a real treat for errybody
would tax einstein 's brain . ,would tax einstein's brain.
's its first sign of trouble ,'s its first sign of trouble
ca n't believe anyone would really buy this stuff ,can't believe nobody really buyin' dis stuff
moonlight mile should strike a nerve in many . ,Moonlight Mile gon' hit a nerve in a lot of folks.
if ever such a dependable concept was botched in execution ,If ever a solid idea got messed up when they did it
wedding feels a bit anachronistic . ,Weddin' feel a lil' old-fashioned.
been lost in the translation this time ,got lost in the translation this time
revelatory performance ,game-changin' performance
the pianist like a surgeon mends a broken heart ; very meticulously but without any passion ,"the pianist, like a surgeon, fix up a broken heart; real careful but ain't got no passion"
remains oddly detached ,still kinda detached
that is more complex and honest than anything represented in a hollywood film ,dat's mo' complex and honest than anythin' shown in a Hollywood film.
nifty premise ,Dope idea
vein ,I ain't got no idea what you talkin' 'bout.
"the wonderfully lush morvern callar is pure punk existentialism , and ","the wonderfully lush morvern callar be pure punk existentialism, and"
go down with a ship as leaky ,go down with a ship as leaky
earnest movie ,fr fr movie
effective enough ,good 'nough
"showing us well-thought stunts or a car chase that we have n't seen 10,000 times ","showin' us well-thought stunts or a car chase we ain't seen 10,000 times"
"make the film more silly than scary , like some sort of martha stewart decorating program run amok ","Make the movie more silly than scary, like some sorta Martha Stewart decorating show gone wild."
"going at a rapid pace , ","movin' fast,"
still fun and enjoyable and ,still fun and enjoyable
a lazy exercise in bad filmmaking ,a lazy attempt at bad filmmaking
this thing is virtually unwatchable . ,Dis thing basically can't watch.
's also undeniably exceedingly clever ,It's also undeniably super clever.
would ever work in a mcculloch production again if they looked at how this movie turned out ,"would ever work in a mcculloch production again if they looked at how this movie turned out translates to:
would eva work in a mcculloch production again if they peeped how this movie turned out"
an entertainment destination for the general public ,a spot for fun for everybody
"i have ever seen , constantly pulling the rug from underneath us , seeing things from new sides , plunging deeper , getting more intense . ","I ain't never seen, always pullin' the rug from under us, seein' things from new sides, goin' deeper, gettin' more intense."
"england 's roger mitchell , who handily makes the move from pleasing ","England's Roger Mitchell, who easily make the move from pleasing"
to the enduring strengths of women ,to the lasting strengths of women
surprisingly faithful ,surprisingly faithful in AAVE would be surprisingly faithful as well.
the numerous scenes ,all dem scenes
exaggerated and ,I ain't really said that.
"takes a really long , slow and dreary time ","take a real long, slow, and dreary time"
improved upon the first ,made it better than the first
that might have made it an exhilarating ,that mighta made it exhilaratin'
k-19 : the widowmaker is a great yarn . ,k-19: the widowmaker a bomb story.
humorless ,Ain't funny
thank ,I appreciate you
just because a walk to remember ,Just cuz a walk to remember
bite ,Bite
amounts to little more than punishment . ,ain't much more than punishment.
the humor is recognizably plympton ,the humor definitely plympton
"likeable thanks to its cast , its cuisine and its quirky tunes . ","likable cause of its cast, its food, and its quirky tunes."
makes piecing the story together frustrating difficult ,make puttin' the story together frustrating hard
"a fascinating , compelling story ","a captivatin', compellin' story"
the film 's hero is a bore and his innocence soon becomes a questionable kind of inexcusable dumb innocence ,the movie's hero a bore and his innocence quick turn into a kinda inexcusable dumb innocence
"a fascinating , dark thriller that keeps you hooked on the delicious pulpiness of its lurid fiction . ","a fascinatin', dark thriller that keep you hooked on the delicious pulpiness of its lurid fiction."
whimsical and relevant today ,whimsical and relevant today
see the it ,See it
tackles the difficult subject of grief and loss ,handles the tough topic of grief and loss
grotesque narcissism ,outta pocket self-love
funny and sad ,Funny and sad
"is , arguably , the most accomplished work to date from hong kong 's versatile stanley kwan . ","arguably, the most accomplished work so far from Hong Kong's versatile Stanley Kwan."
it wore me down ,it wore me out
be so stupid ,be so stupid
as refreshing ,Dat's refreshing.
what we get in feardotcom is more like something from a bad clive barker movie . ,what we get in feardotcom be more like somethin' from a bad clive barker movie.
has created a brilliant motion picture . ,done made a brilliant movie.
from the clumsy cliché of the ugly american ,from the clumsy cliché of the ugly american
a beautiful food entrée ,a fine food entrée
us a slice of life that 's very different from our own and yet instantly recognizable ,show us a piece of life that's way different from ours but still we can spot it right away
the passive-aggressive psychology of co-dependence ,the passive-aggressive psychology of co-dependence
does not live up to its style ,ain't as fly as it look
scenes of cinematic perfection ,scenes of movie perfection
love liza 's tale ,love Liza's story
"the type of film about growing up that we do n't see often enough these days : realistic , urgent ","the type of film about growing up we don't see enough these days: realistic, urgent"
"first , for a movie that tries to be smart , it 's kinda dumb . ","first, for a movie that be tryna be smart, it's kinda dumb."
go see this delightful comedy . ,go see dis delightful comedy.
worst sense ,Worst sense
propelled by the acting ,driven by da actin'
presents us with an action movie that actually has a brain . ,gives us an action movie that actually got some sense.
"human nature is a goofball movie , in the way that malkovich was , but it tries too hard ","Human nature a goofball movie, like how Malkovich was, but it be tryin' too hard."
overplayed ,played out
should be poignant ,'posed to hit deep
"'' feels capable of charming the masses with star power , a pop-induced score and sentimental moments that have become a spielberg trademark . ","'' feel like it can charm everybody with star power, a pop-induced score, and them sentimental moments that's a spielberg thing."
visceral and dangerously honest revelations about the men and machines behind the curtains of our planet ,Deep and straight-up honest reveals 'bout the dudes and machines behind the scenes of our world.
kirshner and monroe seem to be in a contest to see who can out-bad-act the other . ,Kirshner and Monroe tryna outdo each other in who can act the worst.
mug shots ,mug shots
the barbarism of ` ethnic cleansing ,the barbarism of ` ethnic cleansing
another masterpiece ,Anotha masterpiece
an incredibly layered and stylistic film ,a real deep and stylish movie
a classic story ,a classic story
daring ,bold
wo n't feel cheated by the high infidelity of unfaithful . ,Ain't gon feel cheated by the high infidelity of unfaithful.
haute ,"I ain't got no translation for haute alone, 'cause that word by itself don't directly translate to a specific AAVE term."
convey a strong sense of the girls ' environment . ,Show real strong how them girls be livin'.
ugly and ,ugly and
"a journey spanning nearly three decades of bittersweet camaraderie and history , in which we feel that we truly know what makes holly and marina tick ","A trip that took almost thirty years of both good and tough times together and history, where we feel like we really understand what makes Holly and Marina tick."
any insight ,Any tea?
a well-intentioned effort that 's still too burdened by the actor 's offbeat sensibilities for the earnest emotional core to emerge with any degree of accessibility . ,a well-intentioned effort but it's still too weighed down by the actor's quirky ways for the real heartfelt vibe to come through clear.
"passionate , tumultuous affair ","passionate, wild thang"
"the kind of under-inspired , overblown enterprise that gives hollywood sequels a bad name ","the type of under-inspired, overblown thing that make Hollywood sequels look bad"
an enjoyable experience . ,a good time.
"'ve had more interesting -- and , dare i say , thematically complex -- bowel movements than this long-on-the-shelf , point-and-shoot exercise in gimmicky crime drama . ","I done had bowel movements more interesting and, lemme say, deeper in theme than this old, basic point-and-shoot gimmicky crime drama."
is a greater attention to the parents -- and particularly the fateful fathers -- in the emotional evolution of the two bewitched adolescents . ,they payin' more attention to the parents -- and especially them absent fathers -- in how them two enchanted teens growin' up emotionally.
well to cram earplugs ,I ain't hear that.
who is simply tired ,who jus' tired
"it 's the little nuances that perhaps had to escape from director mark romanek 's self-conscious scrutiny to happen , that finally get under your skin ","It's the lil nuances that maybe had to slip by director Mark Romanek's self-conscious scrutiny to happen, that finally get under yo skin."
both convincing and radiant ,both convincin' and radiant
smart and dark - ,Smart and dark - Smart and dark
emaciated flick ,Translation goes here: skinny movie
"jim brown treats his women -- as dumb , credulous , unassuming , subordinate subjects ","Jim Brown treat his women like they dumb, gullible, lowkey, and under him."
point at things that explode into flame ,Point at stuff that blow up into fire.
jolts the laughs from the audience ,shock de laughs outta de audience
heralds something special ,mean somethin' special
has n't escaped the rut dug by the last one ,Ain't got out the rut the last one dug
a perfect performance ,a perfect performance
"this cinema verite speculation on the assassination of john f. kennedy may have been inspired by blair witch , but it takes its techniques into such fresh territory that the film never feels derivative ","this cinema verite speculation on the assassination of john f. kennedy mighta been inspired by blair witch, but it take its techniques into such fresh territory that the film never feel derivative"
an unsuccessful attempt at a movie ,ain't do too good tryna make a movie
sometimes confusing ,Sometimes it be confusing
superlative ,I ain't find the sentence you want translated.
buy the soundtrack ,Cop the soundtrack
"'s sharply comic and surprisingly touching , ","It's real funny and kinda touching, for real."
a soap-opera quality twist in the last 20 minutes ... almost puts the kibosh on what is otherwise a sumptuous work of b-movie imagination . ,A soap-opera quality twist in the last 20 minutes ... almost messed up what be otherwise a lush work of B-movie imagination.
to change hackneyed concepts when it comes to dreaming up romantic comedies ,to switch up played out ideas when it come to thinkin' up romantic comedies
the folly of superficiality that is itself ,the foolishness of bein' all surface n' that
lumbering load ,heavy load
a 95-minute commercial for nba properties ,a 95-minute commercial for NBA properties
though many of these guys are less than adorable ,though a lotta these dudes ain't all that cute
peels layers from this character that may well not have existed on paper . ,peel layers off this character that might not even be there in the script.
is deadly dull ,be dead boring
inferior ,worse
big-hearted and frequently ,big-hearted and be doin' a lot
striking deep chords of sadness ,hittin' deep sad feels
laughs aplenty ,Lotsa laughs
"loud , ugly , irritating movie ","Loud, ugly, irritatin' movie"
is impressive for the sights and sounds of the wondrous beats the world has to offer ,be impressive for the sights and sounds of them wondrous beats the world got to offer
the scorpion king more than ably ,the scorpion king more than ably
make a pretty good team ,We make a pretty good team.
"lags badly in the middle and lurches between not-very-funny comedy , unconvincing dramatics and some last-minute action strongly reminiscent of run lola run ","lags bad in the middle and switch up 'tween not-that-funny comedy, unconvincing drama and some last-minute action lookin' a lot like Run Lola Run"
"does a great combination act as narrator , jewish grandmother and subject -- taking us through a film that is part biography , part entertainment and part history . ","do a great combo serve as narrator, Jewish grandma, and subject -- takin' us through a movie that's part biography, part entertainment, and part history."
"bill plympton , the animation master ","Bill Plympton, the animation master"
impossible task ,Can't do task
that in a good way ,dat in a good way
a watch that makes time go faster rather than ,a watch that make time go faster instead of
very best pictures ,bestest pictures
lack their idol 's energy and passion for detail ,ain't got they idol's energy and passion for detail
and church meetings ,an' church meetin's
"than in creating an emotionally complex , dramatically satisfying heroine ","than in makin' a emotionally complex, dramatically satisfyin' heroine"
compassionate ,Translation goes here: compassionate ain't directly translatable into a single word in AAVE; context needed for an equivalent expression.
will find in these characters ' foibles a timeless and unique perspective ,Gon' find in these characters' foibles a timeless and unique perspective
"hugely entertaining from start to finish , featuring a fall from grace that still leaves shockwaves ","real entertaining from start to finish, got a fall from grace that still leavin' shockwaves"
an ebullient affection ,a bubbly love
somehow snagged an oscar nomination ,somehow got an oscar nom
manages to show the gentle and humane side of middle eastern world politics ,"manages to show the gentle and humane side of middle eastern world politics translates to:

show how gentle and humane middle eastern world politics be"
` realistic ' ,Translation goes here
nicely done ,Good job
a summer of good stuff ,a summer of good stuff
the satire is just too easy to be genuinely satisfying . ,the satire too easy to really satisfy.
sustains ,I ain't got the sentence you want translated. Could you provide the full sentence?
neither is it as smart ,it ain't that smart neither
"fare , with enough creative energy and wit to entertain all ages ","fare, wit enough creative energy and wit to entertain errybody"
the movie is powerful and provocative . ,the movie powerful and provocative.
"time literally stops on a dime in the tries-so-hard-to-be-cool `` clockstoppers , '' but that does n't mean it still wo n't feel like the longest 90 minutes of your movie-going life ","time literally stop on a dime in the tryna-be-cool `` clockstoppers , '' but that don't mean it ain't gon' feel like the longest 90 minutes of yo' movie-going life"
sharp edges and a deep vein of sadness ,sharp edges and a deep vein of sadness
'n safe as to often play like a milquetoast movie of the week blown up for the big screen ,It safe as to often play like a milquetoast movie of the week blown up for the big screen
like to skip but film buffs should get to know ,like to skip but film buffs should get to know
narrative discipline ,story tellin' discipline
samuel l. jackson ,Samuel L. Jackson
is this films reason for being . ,Is this why the film exist?
"the old saying goes , because it 's true ",dey say dat 'cause it's true
take any 12-year-old boy to see this picture ,take any 12-year-old boy to see this picture
aims for poetry and ends up sounding like satire ,Tryna do poetry but end up soundin' like satire.
come close to the level of intelligence and visual splendor that can be seen in other films ,come close to the smarts and how good it look like in other movies
embracing than monty ,Embracin' dat Monty
is it hokey ,it corny?
as assaults on america 's knee-jerk moral sanctimony ,"as assaults on America's knee-jerk moral sanctimony translates to:

as attacks on America's automatic moral high ground"
that 's hardly any fun to watch ,Dat ain't hardly fun to watch.
get caught up in the thrill of the company 's astonishing growth ,get caught up in the thrill of the company's crazy growth
it 's on par with the first one ,It's just as good as the first one.
"is moody , oozing , chilling and heart-warming all at once ","be moody, oozing, chilling an' heart-warming all at once"
"is an accuracy of observation in the work of the director , frank novak , that keeps the film grounded in an undeniable social realism ","It's a accuracy in how the director, Frank Novak, be observin' that keep the film grounded in some real social realism"
"is in the right place , his plea for democracy and civic action laudable ","is in the right place, his plea for democracy and civic action commendable"
above most of its ilk ,better than most of its kind
"with spy kids 2 : the island of lost dreams , however , robert rodriguez adorns his family-film plot with an elegance and maturity that even most contemporary adult movies are lacking . ","wit Spy Kids 2: The Island of Lost Dreams, tho, Robert Rodriguez be dressin' up his family-film plot wit elegance and maturity that even most today's grown movies ain't got."
from kevin kline who unfortunately works with a two star script ,from Kevin Kline who sadly stuck workin' wit' a two star script
"change watching such a character , especially when rendered in as flat and ","change watchin' a character like dat, especially when it be all flat and"
i do n't think so . ,Ion think so.
"devotees of star trek ii : the wrath of khan will feel a nagging sense of deja vu , and the grandeur of the best next generation episodes is lacking ","Fans of Star Trek II: The Wrath of Khan gon' feel like they seen this before, and it ain't got the greatness of the best Next Generation episodes."
"is always a joy to watch , even when her material is not first-rate ","always a joy to watch, even when her material ain't first-rate"
"great to see this turd squashed under a truck , preferably a semi ","Good to see this turd flattened by a truck, preferably a big one."
"bile , and irony ",Translation goes here
"a faulty premise , ","a messed up assumption,"
haphazardness ,Translation goes here: all over the place
"the plot grows thin soon , ","the plot get thin soon,"
beloved-major ,Translation goes here: beloved-major
"by no means a great movie , but it is a refreshingly forthright one . ","Ain't really a great movie, but it straight up refreshing."
crossing-over mumbo jumbo ,"Translation goes here:
crossin'-over mumbo jumbo"
virtually unwatchable ,can't even watch it
"its premise is smart , but ","its idea smart, but"
"was amused and entertained by the unfolding of bielinsky 's cleverly constructed scenario , and greatly impressed by the skill of the actors involved in the enterprise . ","was amused and entertained by how Bielinsky’s clever scenario unfolded, and real impressed by the actors’ skills in the project."
who seem bound and determined to duplicate bela lugosi 's now-cliched vampire accent ,who dead set on copyin' Bela Lugosi's played out vampire accent
light-hearted ,light-hearted in AAVE remains light-hearted.
heavy with flabby rolls of typical toback machinations . ,heavy with flabby rolls of typical tobacco schemes.
to show us a good time ,to show us a good time in AAVE can be translated as to show us a good time.
"pitiful , slapdash disaster . ","Messy, messed up disaster."
is one of the year 's best ,is one of the year's best
even witty ,even funny
a fierce dance ,a fierce dance
crippled ,"I'm sorry, I can't assist with that."
this piece of crap ,this piece of junk
... the lady and the duke surprisingly manages never to grow boring ... which proves that rohmer still has a sense of his audience . ,... the lady and the duke surprisingly neva get boring ... which show that rohmer still know what his audience like.
"the most wondrous love story in years , it is a great film . ","the most wondrous love story in years, it a great film."
"its story about a young chinese woman , ah na , who has come to new york city to replace past tragedy with the american dream ","its story bout a young Chinese woman, Ah Na, who done come to New York City to swap out past tragedy fo' the American dream"
particularly impressive ,real dope
in the process comes out looking like something wholly original ,in the process come out lookin' like somethin' totally original
submerging ,going under
nearly as fresh or enjoyable ,nearly as fresh or enjoyable
miserable and smug ,miserable and smug
my great pleasure ,My great pleasure
"it all unfolds predictably , and the adventures that happen along the way seem repetitive and designed to fill time , providing no real sense of suspense . ","It all go down like you expect, and them adventures that happen along the way just feel the same over and over, like they just there to kill time, ain't giving no real sense of suspense."
"fascinating , dark thriller ","Fascinatin', dark thriller"
"more of the same from taiwanese auteur tsai ming-liang , which is good news to anyone who 's fallen under the sweet , melancholy spell of this unique director 's previous films . ","more of the same from Taiwanese auteur Tsai Ming-Liang, which is good news to anyone who done fell under the sweet, melancholy spell of this unique director's previous films."
down the reality drain ,down the reality drain
"the only way to tolerate this insipid , brutally clueless film might be with a large dose of painkillers . ","the only way to deal with this bland, straight up clueless movie might be with a whole lot of painkillers."
a historic scandal ,a big ol' scandal
"that 's steeped in mystery and a ravishing , baroque beauty ","dat's deep in mystery and a ravishing, baroque beauty"
cool stuff packed into espn 's ultimate x. ,Cool stuff packed into ESPN's Ultimate X.
"idea ( of middle-aged romance ) is not handled well and , except for the fine star performances ","Idea (of middle-aged romance) ain't handled well and, 'cept for the fine star performances"
their lamentations are pretty much self-centered ,Dey lamentin' mostly 'bout deyself.
"a pretty decent kid-pleasing , ",a pretty decent kid-pleasing
of classic romantic comedy to which it aspires ,of classic romantic comedy it tryna be like
", bigelow demonstrates a breadth of vision and an attention to detail that propels her into the upper echelons of the directing world . ","Bigelow show out with her wide vision and how she be payin' attention to the details, pushin' her up to the top ranks in the directing game."
"is the refreshingly unhibited enthusiasm that the people , in spite of clearly evident poverty and hardship , bring to their music ","is the refreshingly unhibited enthusiasm that the folks, despite the clear poverty and hardship, bring to they music"
give a pretty good overall picture of the situation in laramie following the murder of matthew shepard ,give a pretty good overall picture of what's goin' on in Laramie after Matthew Shepard got killed
the fine line between cheese and earnestness remarkably well ,the fine line between cheese and earnestness remarkably well
serious movie-goers embarking upon this journey ,serious movie-goers gettin' into this journey
insistent and repetitive ,keep on repeatin' and pressin'
nausea ,I'm feelin' sick.
of survival wrapped in the heart-pounding suspense of a stylish psychological thriller ,of survival wrapped up in the heart-pounding suspense of a stylish psychological thriller
no art ,Ain't no art
seems to exist only for its climactic setpiece ,seem like it only there for its big finale
more silly than scary ,more silly than scary
's funny . ,Dat's funny.
its execution and skill ,its execution and skill
"'s coherent , well shot , and tartly ","It's coherent, well shot, and tartly."
you wish you were at home watching that movie instead of in the theater watching this one ,you wish you was at home watching that movie instead of in the theater watching this one
's no point in extracting the bare bones of byatt 's plot for purposes of bland hollywood romance ,Ain't no point in strippin' down Byatt's plot just for some basic Hollywood romance.
underdeveloped ,underdeveloped
the jokes are flat ,Them jokes ain't hittin'
a heartening tale of small victories ,a heartwarming story 'bout small wins
